{"cameraMode":{"drawMode":0,"name":"Shaded","section":"Shading Mode"},"sceneLighting":true,"audioPlay":false,"sceneViewState":{"m_AlwaysRefresh":false,"showFog":true,"showSkybox":true,"showFlares":true,"showImageEffects":true,"showParticleSystems":true,"showVisualEffectGraphs":true,"m_FxEnabled":true},"in2DMode":false,"pivot":{"x":-27.29941749572754,"y":1.604982614517212,"z":0.13799196481704713},"rotation":{"x":0.1690230816602707,"y":0.5176531076431274,"z":-0.10515239834785462,"w":0.8321331143379211},"size":0.6124361753463745,"orthographic":false}