{"cameraMode":{"drawMode":0,"name":"Shaded","section":"Shading Mode"},"sceneLighting":false,"audioPlay":false,"sceneViewState":{"m_AlwaysRefresh":false,"showFog":true,"showSkybox":false,"showFlares":true,"showImageEffects":true,"showParticleSystems":true,"showVisualEffectGraphs":true,"m_FxEnabled":true},"in2DMode":false,"pivot":{"x":0.014212466776371003,"y":0.20198041200637818,"z":0.029799163341522218},"rotation":{"x":0.2854936122894287,"y":0.44086340069770815,"z":-0.15026763081550599,"w":0.837594211101532},"size":0.6884506940841675,"orthographic":false}