{"cameraMode":{"drawMode":0,"name":"Shaded","section":"Shading Mode"},"sceneLighting":false,"audioPlay":false,"sceneViewState":{"m_AlwaysRefresh":false,"showFog":true,"showSkybox":false,"showFlares":true,"showImageEffects":true,"showParticleSystems":true,"showVisualEffectGraphs":true,"m_FxEnabled":true},"in2DMode":false,"pivot":{"x":-16.964832305908204,"y":0.34236690402030947,"z":-0.13572527468204499},"rotation":{"x":0.0783681645989418,"y":0.6788210868835449,"z":-0.07313697040081024,"w":0.7264639139175415},"size":0.4247572720050812,"orthographic":false}